[
    {
      "model": "dashboards.college",
      "pk": 1,
      "fields": {
        "created_at": "2025-03-06T01:28:05.416Z",
        "updated_at": "2025-03-06T01:28:05.416Z",
        "college_name": "College of Sciences"
      }
    },
    {
      "model": "dashboards.college",
      "pk": 2,
      "fields": {
        "created_at": "2025-03-06T01:28:16.518Z",
        "updated_at": "2025-03-06T01:34:28.689Z",
        "college_name": "College of Nursing and Health Sciences"
      }
    },
    {
      "model": "dashboards.college",
      "pk": 3,
      "fields": {
        "created_at": "2025-03-06T01:28:29.260Z",
        "updated_at": "2025-03-06T01:28:29.260Z",
        "college_name": "College of Arts and Humanities"
      }
    },
    {
      "model": "dashboards.college",
      "pk": 4,
      "fields": {
        "created_at": "2025-03-06T01:28:42.451Z",
        "updated_at": "2025-04-02T14:44:00.812Z",
        "college_name": "College of Criminology and Justice Education"
      }
    },
    {
      "model": "dashboards.college",
      "pk": 5,
      "fields": {
        "created_at": "2025-03-06T01:28:59.713Z",
        "updated_at": "2025-03-06T01:28:59.713Z",
        "college_name": "College of Business and Accountancy"
      }
    },
    {
      "model": "dashboards.college",
      "pk": 6,
      "fields": {
        "created_at": "2025-03-06T01:29:23.232Z",
        "updated_at": "2025-03-06T01:29:23.232Z",
        "college_name": "College of Engineering"
      }
    },
    {
      "model": "dashboards.college",
      "pk": 7,
      "fields": {
        "created_at": "2025-03-06T01:29:33.213Z",
        "updated_at": "2025-03-06T01:29:33.213Z",
        "college_name": "College of Architecture"
      }
    },
    {
      "model": "dashboards.college",
      "pk": 8,
      "fields": {
        "created_at": "2025-03-06T01:30:06.375Z",
        "updated_at": "2025-03-06T01:30:06.375Z",
        "college_name": "College of Education"
      }
    },
    {
      "model": "dashboards.program",
      "pk": 1,
      "fields": {
        "created_at": "2025-03-06T01:31:04.183Z",
        "updated_at": "2025-04-02T15:10:16.010Z",
        "prog_name": "Bachelor of Science in Information Technology",
        "college": 1
      }
    },
    {
      "model": "dashboards.program",
      "pk": 2,
      "fields": {
        "created_at": "2025-03-06T01:32:01.963Z",
        "updated_at": "2025-03-06T01:32:01.963Z",
        "prog_name": "Bachelor of Science in Computer Science",
        "college": 1
      }
    },
    {
      "model": "dashboards.program",
      "pk": 3,
      "fields": {
        "created_at": "2025-03-06T01:34:01.695Z",
        "updated_at": "2025-03-06T01:34:01.695Z",
        "prog_name": "Bachelor of Science in Nursing",
        "college": 2
      }
    },
    {
      "model": "dashboards.program",
      "pk": 4,
      "fields": {
        "created_at": "2025-03-06T01:34:12.449Z",
        "updated_at": "2025-03-06T01:34:12.449Z",
        "prog_name": "Bachelor of Science in Midwifery",
        "college": 2
      }
    },
    {
      "model": "dashboards.program",
      "pk": 5,
      "fields": {
        "created_at": "2025-03-06T01:35:02.086Z",
        "updated_at": "2025-03-06T01:35:02.086Z",
        "prog_name": "Bachelor of Arts in Communication",
        "college": 3
      }
    },
    {
      "model": "dashboards.program",
      "pk": 6,
      "fields": {
        "created_at": "2025-03-06T01:35:10.987Z",
        "updated_at": "2025-03-06T01:35:10.987Z",
        "prog_name": "Bachelor of Arts in Political Science",
        "college": 3
      }
    },
    {
      "model": "dashboards.program",
      "pk": 7,
      "fields": {
        "created_at": "2025-03-06T01:35:23.757Z",
        "updated_at": "2025-03-06T01:35:23.757Z",
        "prog_name": "Bachelor of Science in Accountancy",
        "college": 5
      }
    },
    {
      "model": "dashboards.program",
      "pk": 8,
      "fields": {
        "created_at": "2025-03-06T01:35:33.157Z",
        "updated_at": "2025-03-06T01:35:33.157Z",
        "prog_name": "Bachelor of Science in Management Accounting",
        "college": 5
      }
    },
    {
      "model": "dashboards.program",
      "pk": 9,
      "fields": {
        "created_at": "2025-03-06T01:36:23.981Z",
        "updated_at": "2025-03-06T01:36:23.981Z",
        "prog_name": "Bachelor of Science in Criminology",
        "college": 4
      }
    },
    {
      "model": "dashboards.program",
      "pk": 10,
      "fields": {
        "created_at": "2025-03-06T01:36:42.812Z",
        "updated_at": "2025-03-06T01:36:42.812Z",
        "prog_name": "Bachelor of Science in Mechanical Engineering",
        "college": 6
      }
    },
    {
      "model": "dashboards.organization",
      "pk": 11,
      "fields": {
        "created_at": "2025-03-06T01:37:51.659Z",
        "updated_at": "2025-03-06T01:37:51.659Z",
        "name": "SITE",
        "college": 1,
        "description": "Society of Information Technology Enthusiasts"
      }
    },
    {
      "model": "dashboards.organization",
      "pk": 12,
      "fields": {
        "created_at": "2025-03-06T01:38:25.153Z",
        "updated_at": "2025-04-03T14:50:01.688Z",
        "name": "ACS",
        "college": 1,
        "description": "Association of Computerr Specialist"
      }
    },
    {
      "model": "dashboards.student",
      "pk": 1,
      "fields": {
        "created_at": "2025-03-06T01:39:35.438Z",
        "updated_at": "2025-03-06T01:39:35.438Z",
        "student_id": "202280258",
        "lastname": "Bermejo",
        "firstname": "Theodore Ross",
        "program": 2
      }
    },
    {
      "model": "dashboards.student",
      "pk": 2,
      "fields": {
        "created_at": "2025-03-06T01:39:59.956Z",
        "updated_at": "2025-03-06T01:39:59.956Z",
        "student_id": "202280120",
        "lastname": "Buala",
        "firstname": "Ivern Bryant",
        "program": 1
      }
    },
    {
      "model": "dashboards.student",
      "pk": 3,
      "fields": {
        "created_at": "2025-03-06T01:44:00.662Z",
        "updated_at": "2025-03-06T01:44:00.662Z",
        "student_id": "2020-7-9157",
        "lastname": "Gonzalez",
        "firstname": "Sarah",
        "program": 9
      }
    },
    {
      "model": "dashboards.student",
      "pk": 4,
      "fields": {
        "created_at": "2025-03-06T01:44:00.666Z",
        "updated_at": "2025-03-06T01:44:00.666Z",
        "student_id": "2020-1-8327",
        "lastname": "Madden",
        "firstname": "Kelly",
        "program": 10
      }
    },
    {
      "model": "dashboards.student",
      "pk": 5,
      "fields": {
        "created_at": "2025-03-06T01:44:00.669Z",
        "updated_at": "2025-03-06T01:44:00.669Z",
        "student_id": "2024-7-1323",
        "lastname": "Williams",
        "firstname": "Benjamin",
        "program": 2
      }
    },
    {
      "model": "dashboards.student",
      "pk": 6,
      "fields": {
        "created_at": "2025-03-06T01:44:00.673Z",
        "updated_at": "2025-03-06T01:44:00.673Z",
        "student_id": "2020-2-7267",
        "lastname": "Ellis",
        "firstname": "Emily",
        "program": 2
      }
    },
    {
      "model": "dashboards.student",
      "pk": 7,
      "fields": {
        "created_at": "2025-03-06T01:44:00.675Z",
        "updated_at": "2025-03-06T01:44:00.675Z",
        "student_id": "2020-7-5027",
        "lastname": "Garcia",
        "firstname": "Damon",
        "program": 6
      }
    },
    {
      "model": "dashboards.student",
      "pk": 8,
      "fields": {
        "created_at": "2025-03-06T01:44:00.675Z",
        "updated_at": "2025-03-06T01:44:00.675Z",
        "student_id": "2024-7-5555",
        "lastname": "Crosby",
        "firstname": "Charles",
        "program": 5
      }
    },
    {
      "model": "dashboards.student",
      "pk": 9,
      "fields": {
        "created_at": "2025-03-06T01:44:00.675Z",
        "updated_at": "2025-03-06T01:44:00.675Z",
        "student_id": "2022-3-8396",
        "lastname": "Robertson",
        "firstname": "Patrick",
        "program": 4
      }
    },
    {
      "model": "dashboards.student",
      "pk": 10,
      "fields": {
        "created_at": "2025-03-06T01:44:00.675Z",
        "updated_at": "2025-03-06T01:44:00.675Z",
        "student_id": "2021-7-7912",
        "lastname": "Lee",
        "firstname": "Jennifer",
        "program": 3
      }
    },
    {
      "model": "dashboards.student",
      "pk": 11,
      "fields": {
        "created_at": "2025-03-06T01:44:00.675Z",
        "updated_at": "2025-03-06T01:44:00.675Z",
        "student_id": "2021-4-5831",
        "lastname": "Williams",
        "firstname": "Jimmy",
        "program": 5
      }
    },
    {
      "model": "dashboards.student",
      "pk": 12,
      "fields": {
        "created_at": "2025-03-06T01:44:00.692Z",
        "updated_at": "2025-03-06T01:44:00.692Z",
        "student_id": "2021-3-3498",
        "lastname": "Torres",
        "firstname": "Benjamin",
        "program": 2
      }
    },
    {
      "model": "dashboards.student",
      "pk": 13,
      "fields": {
        "created_at": "2025-03-06T01:44:00.697Z",
        "updated_at": "2025-03-06T01:44:00.697Z",
        "student_id": "2023-1-6554",
        "lastname": "Barrett",
        "firstname": "Yolanda",
        "program": 2
      }
    },
    {
      "model": "dashboards.student",
      "pk": 14,
      "fields": {
        "created_at": "2025-03-06T01:44:00.700Z",
        "updated_at": "2025-03-06T01:44:00.700Z",
        "student_id": "2024-8-3984",
        "lastname": "Gonzalez",
        "firstname": "Ann",
        "program": 8
      }
    },
    {
      "model": "dashboards.student",
      "pk": 15,
      "fields": {
        "created_at": "2025-03-06T01:44:00.704Z",
        "updated_at": "2025-03-06T01:44:00.704Z",
        "student_id": "2024-6-2929",
        "lastname": "Perez",
        "firstname": "Kayla",
        "program": 1
      }
    },
    {
      "model": "dashboards.student",
      "pk": 16,
      "fields": {
        "created_at": "2025-03-06T01:44:00.707Z",
        "updated_at": "2025-03-06T01:44:00.707Z",
        "student_id": "2022-4-8171",
        "lastname": "Woods",
        "firstname": "Tim",
        "program": 2
      }
    },
    {
      "model": "dashboards.student",
      "pk": 17,
      "fields": {
        "created_at": "2025-03-06T01:44:00.711Z",
        "updated_at": "2025-03-06T01:44:00.711Z",
        "student_id": "2021-4-4957",
        "lastname": "Morrison",
        "firstname": "Lisa",
        "program": 1
      }
    },
    {
      "model": "dashboards.student",
      "pk": 18,
      "fields": {
        "created_at": "2025-03-06T01:44:00.714Z",
        "updated_at": "2025-03-06T01:44:00.714Z",
        "student_id": "2020-3-227",
        "lastname": "Morris",
        "firstname": "Stephen",
        "program": 9
      }
    },
    {
      "model": "dashboards.student",
      "pk": 19,
      "fields": {
        "created_at": "2025-03-06T01:44:00.719Z",
        "updated_at": "2025-03-06T01:44:00.719Z",
        "student_id": "2021-5-5736",
        "lastname": "Watson",
        "firstname": "Tyler",
        "program": 4
      }
    },
    {
      "model": "dashboards.student",
      "pk": 20,
      "fields": {
        "created_at": "2025-03-06T01:44:00.723Z",
        "updated_at": "2025-03-06T01:44:00.723Z",
        "student_id": "2020-3-1939",
        "lastname": "Armstrong",
        "firstname": "Peter",
        "program": 8
      }
    },
    {
      "model": "dashboards.student",
      "pk": 21,
      "fields": {
        "created_at": "2025-03-06T01:44:00.726Z",
        "updated_at": "2025-03-06T01:44:00.726Z",
        "student_id": "2023-1-7729",
        "lastname": "Gomez",
        "firstname": "Lisa",
        "program": 6
      }
    },
    {
      "model": "dashboards.student",
      "pk": 22,
      "fields": {
        "created_at": "2025-03-06T01:44:00.730Z",
        "updated_at": "2025-03-06T01:44:00.730Z",
        "student_id": "2021-2-4603",
        "lastname": "Cruz",
        "firstname": "Bianca",
        "program": 2
      }
    },
    {
      "model": "dashboards.student",
      "pk": 23,
      "fields": {
        "created_at": "2025-03-06T01:44:00.732Z",
        "updated_at": "2025-03-06T01:44:00.732Z",
        "student_id": "2020-5-7856",
        "lastname": "Mata",
        "firstname": "Brenda",
        "program": 6
      }
    },
    {
      "model": "dashboards.student",
      "pk": 24,
      "fields": {
        "created_at": "2025-03-06T01:44:00.737Z",
        "updated_at": "2025-03-06T01:44:00.737Z",
        "student_id": "2023-4-3133",
        "lastname": "Robertson",
        "firstname": "Jennifer",
        "program": 10
      }
    },
    {
      "model": "dashboards.student",
      "pk": 25,
      "fields": {
        "created_at": "2025-03-06T01:44:00.741Z",
        "updated_at": "2025-03-06T01:44:00.741Z",
        "student_id": "2020-1-4164",
        "lastname": "Porter",
        "firstname": "Dennis",
        "program": 7
      }
    },
    {
      "model": "dashboards.student",
      "pk": 26,
      "fields": {
        "created_at": "2025-03-06T01:44:00.744Z",
        "updated_at": "2025-03-06T01:44:00.744Z",
        "student_id": "2020-8-7158",
        "lastname": "Wilson",
        "firstname": "Tammie",
        "program": 3
      }
    },
    {
      "model": "dashboards.student",
      "pk": 27,
      "fields": {
        "created_at": "2025-03-06T01:44:00.747Z",
        "updated_at": "2025-03-06T01:44:00.747Z",
        "student_id": "2023-8-6592",
        "lastname": "Smith",
        "firstname": "Sierra",
        "program": 10
      }
    },
    {
      "model": "dashboards.student",
      "pk": 28,
      "fields": {
        "created_at": "2025-03-06T01:44:00.751Z",
        "updated_at": "2025-03-06T01:44:00.751Z",
        "student_id": "2020-6-8546",
        "lastname": "Rodriguez",
        "firstname": "Aaron",
        "program": 5
      }
    },
    {
      "model": "dashboards.student",
      "pk": 29,
      "fields": {
        "created_at": "2025-03-06T01:44:00.752Z",
        "updated_at": "2025-03-06T01:44:00.752Z",
        "student_id": "2022-3-6992",
        "lastname": "Lee",
        "firstname": "Christopher",
        "program": 1
      }
    },
    {
      "model": "dashboards.student",
      "pk": 30,
      "fields": {
        "created_at": "2025-03-06T01:44:00.752Z",
        "updated_at": "2025-03-06T01:44:00.752Z",
        "student_id": "2023-4-486",
        "lastname": "Martin",
        "firstname": "Mariah",
        "program": 1
      }
    },
    {
      "model": "dashboards.student",
      "pk": 31,
      "fields": {
        "created_at": "2025-03-06T01:44:00.752Z",
        "updated_at": "2025-03-06T01:44:00.752Z",
        "student_id": "2021-6-7694",
        "lastname": "Bowers",
        "firstname": "Heidi",
        "program": 4
      }
    },
    {
      "model": "dashboards.student",
      "pk": 32,
      "fields": {
        "created_at": "2025-03-06T01:44:00.752Z",
        "updated_at": "2025-03-06T01:44:00.752Z",
        "student_id": "2020-7-882",
        "lastname": "Miller",
        "firstname": "Karen",
        "program": 3
      }
    },
    {
      "model": "dashboards.student",
      "pk": 33,
      "fields": {
        "created_at": "2025-03-06T01:44:00.752Z",
        "updated_at": "2025-03-06T01:44:00.752Z",
        "student_id": "2021-3-1069",
        "lastname": "Roberts",
        "firstname": "Charles",
        "program": 9
      }
    },
    {
      "model": "dashboards.student",
      "pk": 34,
      "fields": {
        "created_at": "2025-03-06T01:44:00.768Z",
        "updated_at": "2025-03-06T01:44:00.768Z",
        "student_id": "2022-6-997",
        "lastname": "Ward",
        "firstname": "Jason",
        "program": 2
      }
    },
    {
      "model": "dashboards.student",
      "pk": 35,
      "fields": {
        "created_at": "2025-03-06T01:44:00.768Z",
        "updated_at": "2025-03-06T01:44:00.768Z",
        "student_id": "2023-6-6745",
        "lastname": "Rush",
        "firstname": "Laura",
        "program": 2
      }
    },
    {
      "model": "dashboards.student",
      "pk": 36,
      "fields": {
        "created_at": "2025-03-06T01:44:00.768Z",
        "updated_at": "2025-03-06T01:44:00.768Z",
        "student_id": "2021-6-9826",
        "lastname": "Villa",
        "firstname": "Richard",
        "program": 6
      }
    },
    {
      "model": "dashboards.student",
      "pk": 37,
      "fields": {
        "created_at": "2025-03-06T01:44:00.768Z",
        "updated_at": "2025-03-06T01:44:00.768Z",
        "student_id": "2020-6-1542",
        "lastname": "Perez",
        "firstname": "Jeremy",
        "program": 2
      }
    },
    {
      "model": "dashboards.student",
      "pk": 38,
      "fields": {
        "created_at": "2025-03-06T01:44:00.768Z",
        "updated_at": "2025-03-06T01:44:00.768Z",
        "student_id": "2020-3-4366",
        "lastname": "Bailey",
        "firstname": "Maria",
        "program": 8
      }
    },
    {
      "model": "dashboards.student",
      "pk": 39,
      "fields": {
        "created_at": "2025-03-06T01:44:00.784Z",
        "updated_at": "2025-03-06T01:44:00.784Z",
        "student_id": "2020-8-3079",
        "lastname": "Stephenson",
        "firstname": "Brian",
        "program": 10
      }
    },
    {
      "model": "dashboards.student",
      "pk": 40,
      "fields": {
        "created_at": "2025-03-06T01:44:00.784Z",
        "updated_at": "2025-03-06T01:44:00.784Z",
        "student_id": "2020-1-9591",
        "lastname": "Randall",
        "firstname": "Karen",
        "program": 8
      }
    },
    {
      "model": "dashboards.student",
      "pk": 41,
      "fields": {
        "created_at": "2025-03-06T01:44:00.784Z",
        "updated_at": "2025-03-06T01:44:00.784Z",
        "student_id": "2020-4-4346",
        "lastname": "Evans",
        "firstname": "Diane",
        "program": 5
      }
    },
    {
      "model": "dashboards.student",
      "pk": 42,
      "fields": {
        "created_at": "2025-03-06T01:44:00.784Z",
        "updated_at": "2025-03-06T01:44:00.784Z",
        "student_id": "2020-5-9337",
        "lastname": "Castaneda",
        "firstname": "Christopher",
        "program": 8
      }
    },
    {
      "model": "dashboards.student",
      "pk": 43,
      "fields": {
        "created_at": "2025-03-06T01:44:00.800Z",
        "updated_at": "2025-03-06T01:44:00.800Z",
        "student_id": "2020-2-6702",
        "lastname": "Hughes",
        "firstname": "Meghan",
        "program": 1
      }
    },
    {
      "model": "dashboards.student",
      "pk": 44,
      "fields": {
        "created_at": "2025-03-06T01:44:00.800Z",
        "updated_at": "2025-03-06T01:44:00.800Z",
        "student_id": "2024-8-9316",
        "lastname": "Nolan",
        "firstname": "Brittany",
        "program": 3
      }
    },
    {
      "model": "dashboards.student",
      "pk": 45,
      "fields": {
        "created_at": "2025-03-06T01:44:00.807Z",
        "updated_at": "2025-03-06T01:44:00.807Z",
        "student_id": "2020-4-4260",
        "lastname": "Kelly",
        "firstname": "Heather",
        "program": 1
      }
    },
    {
      "model": "dashboards.student",
      "pk": 46,
      "fields": {
        "created_at": "2025-03-06T01:44:00.807Z",
        "updated_at": "2025-03-06T01:44:00.807Z",
        "student_id": "2023-6-8458",
        "lastname": "Lucas",
        "firstname": "Anthony",
        "program": 2
      }
    },
    {
      "model": "dashboards.student",
      "pk": 47,
      "fields": {
        "created_at": "2025-03-06T01:44:00.816Z",
        "updated_at": "2025-03-06T01:44:00.816Z",
        "student_id": "2022-8-7728",
        "lastname": "Morgan",
        "firstname": "Matthew",
        "program": 4
      }
    },
    {
      "model": "dashboards.student",
      "pk": 48,
      "fields": {
        "created_at": "2025-03-06T01:44:00.819Z",
        "updated_at": "2025-03-06T01:44:00.819Z",
        "student_id": "2021-1-3876",
        "lastname": "Nicholson",
        "firstname": "Christine",
        "program": 4
      }
    },
    {
      "model": "dashboards.student",
      "pk": 49,
      "fields": {
        "created_at": "2025-03-06T01:44:00.823Z",
        "updated_at": "2025-03-06T01:44:00.823Z",
        "student_id": "2021-3-5128",
        "lastname": "Butler",
        "firstname": "Jacqueline",
        "program": 4
      }
    },
    {
      "model": "dashboards.student",
      "pk": 50,
      "fields": {
        "created_at": "2025-03-06T01:44:00.826Z",
        "updated_at": "2025-03-06T01:44:00.826Z",
        "student_id": "2023-7-7259",
        "lastname": "Zimmerman",
        "firstname": "Jeanette",
        "program": 6
      }
    },
    {
      "model": "dashboards.student",
      "pk": 51,
      "fields": {
        "created_at": "2025-03-06T01:44:00.828Z",
        "updated_at": "2025-03-06T01:44:00.828Z",
        "student_id": "2022-7-3788",
        "lastname": "Arnold",
        "firstname": "Anthony",
        "program": 4
      }
    },
    {
      "model": "dashboards.student",
      "pk": 52,
      "fields": {
        "created_at": "2025-03-06T01:44:00.828Z",
        "updated_at": "2025-03-06T01:44:00.828Z",
        "student_id": "2024-6-806",
        "lastname": "Williams",
        "firstname": "Jesse",
        "program": 8
      }
    },
    {
      "model": "dashboards.student",
      "pk": 53,
      "fields": {
        "created_at": "2025-04-03T15:10:13.560Z",
        "updated_at": "2025-04-03T15:10:13.560Z",
        "student_id": "202280122",
        "lastname": "Buala",
        "firstname": "Pavseh",
        "program": 2
      }
    },
    {
      "model": "dashboards.orgmember",
      "pk": 1,
      "fields": {
        "created_at": "2025-03-06T01:40:39.014Z",
        "updated_at": "2025-04-03T15:00:41.163Z",
        "student": 1,
        "organization": 11
      }
    },
    {
      "model": "dashboards.orgmember",
      "pk": 2,
      "fields": {
        "created_at": "2025-03-06T01:40:47.255Z",
        "updated_at": "2025-03-06T01:40:47.255Z",
        "student": 2,
        "organization": 11
      }
    },
    {
      "model": "dashboards.orgmember",
      "pk": 13,
      "fields": {
        "created_at": "2025-04-03T14:35:25.605Z",
        "updated_at": "2025-04-03T14:35:25.605Z",
        "student": 3,
        "organization": 12
      }
    }
    ]
    